1_417,2021-06-06 08:05:46.558026,s_44786,c_4865
0_1330,2022-02-16 13:26:48.497832,s_166092,c_7012
0_1750,2022-03-23 22:18:24.006495,s_183511,c_5984
0_596,2022-11-08 08:36:14.917894,s_294492,c_7263
1_369,2021-08-20 03:23:59.036680,s_78141,c_8621
0_861,2022-02-19 05:53:22.353064,s_167462,c_8024
0_1541,2022-06-01 21:34:40.773680,s_217404,c_2180
2_101,2021-10-20 11:46:32.004359,s_107543,c_7346
1_246,2021-08-01 07:41:21.363845,s_69870,c_4785
1_521,2021-06-04 09:06:26.167859,s_43876,c_4102
0_1586,2022-05-28 07:11:43.260068,s_215173,c_4317
0_1451,2022-10-02 14:19:56.442642,s_276732,c_3735
0_1386,2022-11-29 03:47:42.477550,s_304379,c_3210
1_483,2022-04-13 22:52:27.298514,s_193636,c_6321
1_724,2022-08-19 02:11:21.627957,s_255299,c_3055
0_1391,2021-12-06 01:19:10.374708,s_130033,c_8382
0_64,2022-09-23 17:16:06.844496,s_272485,c_7996
1_92,2022-08-18 21:07:03.684486,s_255185,c_1248
0_2128,2021-06-05 04:34:04.976051,s_44246,c_6613
1_417,2022-06-21 07:41:26.855179,s_226958,c_6834
0_525,2022-02-12 04:57:39.518103,s_163833,c_2545
1_426,2021-04-10 13:30:50.085615,s_18629,c_1074
0_1050,2021-11-10 22:12:42.332168,s_117701,c_1937
0_1322,2022-10-25 06:18:19.156273,s_287667,c_6753
1_493,2022-10-02 21:44:05.507272,s_276882,c_6906
1_376,2021-07-28 19:44:43.378853,s_68363,c_6833
0_1616,2022-07-24 20:55:38.141473,s_243235,c_1540
1_12,2022-05-29 12:00:34.244118,s_215819,c_7068
0_1475,2022-03-11 23:07:44.255901,s_177838,c_7861
1_625,2022-11-29 16:35:05.114726,s_304629,c_5145
0_1489,2022-12-22 00:49:06.508064,s_315551,c_6423
0_1431,2022-02-27 21:05:56.262392,s_171866,c_5832
0_742,2022-12-21 18:52:09.062697,s_315444,c_383
0_586,2023-02-04 00:43:26.052435,s_336566,c_7552
0_2306,2022-01-25 06:14:44.498351,s_154870,c_243
1_631,2021-08-05 21:45:00.138147,s_71852,c_4958
2_109,2022-06-12 08:33:35.687755,s_222573,c_6743
0_1555,2022-06-11 15:40:40.245053,s_222213,c_4550
0_1469,2021-03-06 21:20:42.179258,s_2732,c_5008
0_1528,2022-03-11 12:42:26.904097,s_177614,c_4124
1_449,2021-11-26 19:24:33.699613,s_125483,c_948
0_1457,2022-05-25 17:22:47.473636,s_213893,c_6416
0_1483,2022-07-07 20:24:12.795743,s_235102,c_290
0_1334,2021-07-31 08:44:47.673651,s_69458,c_5717
1_49,2022-02-19 10:59:36.481557,s_167571,c_4258
0_1697,2022-04-28 11:35:54.566234,s_200602,c_447
2_139,2022-09-02 14:15:57.784313,s_262219,c_8235
2_191,2022-08-26 00:21:22.301014,s_258482,c_4564
0_1095,2022-01-22 22:24:00.463038,s_153711,c_5633
0_1525,2022-12-18 12:09:15.281628,s_313914,c_8575
1_475,2022-11-13 07:00:27.662841,s_296867,c_1183
0_1607,2021-07-21 16:40:29.142349,s_65319,c_4713
0_1152,2023-02-15 18:14:24.219262,s_342063,c_5520
2_181,2022-09-20 18:47:50.200951,s_270957,c_3650
1_504,2021-06-18 02:07:22.610440,s_50136,c_931
0_1110,2021-12-13 07:53:02.644665,s_133642,c_3254
0_2164,2022-12-29 04:14:51.382979,s_318882,c_3562
2_112,2022-01-16 06:08:47.130569,s_150521,c_8245
0_1905,2022-11-11 20:32:39.698786,s_296115,c_5236
0_1431,2022-08-28 11:53:39.469752,s_259716,c_8477
0_1073,2021-08-08 02:35:06.096117,s_72804,c_3722
1_247,2021-04-20 14:42:21.500040,s_23246,c_670
0_1604,2021-08-12 22:28:53.797252,s_74914,c_6714
0_1390,2022-08-18 15:05:44.259861,s_255081,c_6659
0_1536,2021-12-29 18:56:35.113598,s_141959,c_7670
1_414,2022-06-15 03:49:06.860979,s_224029,c_7198
2_19,2021-03-22 04:59:48.222269,s_9763,c_282
0_1401,2022-06-28 04:51:01.577900,s_230358,c_59
1_483,2022-09-08 18:37:34.056742,s_265209,c_143
0_1646,2021-09-21 08:49:17.716254,s_93147,c_1921
0_1235,2022-03-29 14:59:52.030941,s_186353,c_3328
0_2078,2022-08-22 03:49:47.896403,s_256733,c_3031
0_1046,2023-01-30 01:44:05.665970,s_334309,c_255
0_1447,2022-04-27 12:48:57.484530,s_200180,c_2324
0_1395,2022-11-19 19:25:33.217173,s_299909,c_6424
1_436,2021-07-05 20:55:19.268002,s_58367,c_56
0_1432,2022-08-08 21:34:16.947946,s_250437,c_7144
0_1421,2021-12-14 06:59:34.858027,s_134113,c_1391
1_456,2022-05-15 16:29:49.465344,s_208942,c_4750
2_209,2021-06-15 11:03:00.705663,s_48985,c_723
0_2049,2022-09-26 03:15:49.412474,s_273630,c_7946
0_1574,2022-01-06 08:57:25.298545,s_145726,c_5981
1_495,2022-03-03 18:22:57.636012,s_173852,c_1751
0_2191,2021-05-09 04:12:05.452842,s_31957,c_1503
1_727,2022-05-18 22:34:46.419988,s_210645,c_8562
1_407,2022-05-17 16:46:58.457131,s_210018,c_5604
1_493,2022-04-01 05:33:32.471771,s_187596,c_8124
0_1222,2021-06-25 05:18:12.350768,s_53431,c_5719
0_1340,2021-04-10 13:37:53.332013,s_18653,c_6377
1_580,2022-08-06 16:55:33.010319,s_249325,c_2071
0_1137,2022-04-03 19:48:12.462684,s_188800,c_3282
0_1557,2021-10-25 10:45:20.529601,s_109892,c_6833
0_1356,2021-10-03 19:58:29.856439,s_99530,c_6470
0_1980,2023-01-17 08:28:12.375844,s_328137,c_627
1_406,2021-03-12 11:23:14.234139,s_5282,c_243
1_283,2022-09-10 08:45:34.813506,s_265963,c_7221
0_1994,2023-01-22 18:40:36.585758,s_330742,c_5584
0_1575,2022-05-31 16:33:43.697003,s_216868,c_8161
0_1508,2021-05-31 21:27:52.429010,s_42277,c_1609
2_226,2023-02-10 00:23:37.424129,s_339345,c_515
0_1355,2021-03-25 17:58:55.391518,s_11374,c_3777
0_1479,2022-12-19 18:54:38.430105,s_314518,c_7663
1_622,2021-05-28 15:55:08.717703,s_40780,c_1120
1_431,2022-04-09 14:51:32.793318,s_191585,c_6044
1_417,2023-01-24 08:34:21.695133,s_331568,c_3955
0_989,2021-11-08 13:28:52.681889,s_116609,c_1016
1_731,2022-02-02 04:50:34.534106,s_158681,c_432
1_413,2022-02-11 11:08:18.338265,s_163461,c_3682
0_1038,2021-03-26 06:55:39.385840,s_11628,c_1027
0_570,2022-02-20 01:52:22.042829,s_167880,c_7090
1_684,2023-02-24 18:36:00.877721,s_346369,c_82
0_1530,2022-03-06 20:56:45.127971,s_175340,c_1467
1_80,2021-12-05 12:08:26.113409,s_129769,c_2571
2_160,2022-08-19 22:39:49.723439,s_255688,c_4247
0_1448,2023-01-16 02:21:17.438491,s_327543,c_81
1_647,2023-01-05 16:25:12.413936,s_322433,c_7811
1_385,2022-05-08 14:50:38.609547,s_205506,c_7519
0_1443,2021-10-03 14:16:14.425930,s_99429,c_5487
0_196,2021-08-17 20:39:02.850933,s_77121,c_2230
0_1409,2021-05-27 06:02:16.804226,s_40124,c_6714
0_1273,2021-07-13 16:47:42.311575,s_61808,c_7903
0_1591,2021-12-16 09:19:22.677725,s_135175,c_4262
0_2185,2021-12-08 19:20:42.816821,s_131412,c_4426
1_735,2021-12-04 23:10:08.501850,s_129492,c_3955
0_2282,2022-11-14 10:49:44.739187,s_297434,c_7343
2_135,2022-03-02 04:07:42.476845,s_173017,c_4927
1_251,2021-11-24 16:11:23.856851,s_124449,c_2146
1_301,2022-01-19 00:46:56.283838,s_151909,c_825
0_1431,2022-01-26 09:32:07.621011,s_155401,c_1735
0_1152,2021-06-27 08:03:18.191077,s_54468,c_5960
0_2161,2022-07-03 02:39:47.673954,s_232769,c_5163
0_1596,2021-04-07 05:51:47.994499,s_17119,c_1609
0_1556,2022-06-12 00:31:32.342646,s_222425,c_7304
2_180,2021-10-06 08:18:10.803816,s_100776,c_1437
0_1493,2022-02-17 22:23:38.174013,s_166792,c_2429
0_1000,2023-01-16 11:23:23.506269,s_327698,c_7573
1_632,2022-10-11 08:45:37.269509,s_280867,c_7249
0_1772,2021-09-16 03:00:30.905939,s_90577,c_1467
0_547,2021-04-27 03:15:10.026140,s_26332,c_6813
0_457,2021-12-13 11:07:17.930457,s_133707,c_4216
0_1192,2021-06-03 06:23:58.261741,s_43386,c_4587
0_1395,2021-04-09 20:20:20.910257,s_18311,c_2164
0_1473,2021-05-02 17:11:00.944640,s_28946,c_6298
1_425,2021-11-03 08:20:08.045100,s_114085,c_7057
0_1428,2021-06-27 17:36:50.839661,s_54656,c_2518
1_475,2022-02-07 22:58:35.362801,s_161629,c_2265
0_1123,2022-02-22 22:26:53.280688,s_169341,c_1609
0_1584,2022-10-07 06:23:18.573702,s_278915,c_2749
1_365,2021-08-11 14:31:30.422153,s_74345,c_6714
1_281,2022-10-16 03:46:44.537791,s_283147,c_7128
0_1335,2022-08-30 19:59:52.550201,s_260901,c_7990
0_1698,2022-10-12 22:51:10.938787,s_281596,c_7666
0_2258,2023-02-24 22:22:02.248133,s_346429,c_707
0_1587,2022-11-27 07:57:13.913386,s_303479,c_5257
0_1636,2021-07-22 23:10:51.970642,s_65836,c_1252
1_413,2022-02-16 16:52:59.874014,s_166163,c_3361
0_1623,2021-03-09 11:35:44.296378,s_3901,c_4606
0_1505,2021-07-23 14:43:59.689488,s_66141,c_8309
0_1528,2022-05-02 22:07:41.905370,s_202735,c_2068
1_62,2022-02-23 12:23:06.946027,s_169620,c_344
1_726,2021-11-22 19:18:33.232361,s_123504,c_1460
0_1065,2022-09-12 16:51:00.578372,s_267021,c_3176
0_1532,2021-04-10 18:54:51.988083,s_18753,c_24
0_1357,2022-06-17 08:07:42.494438,s_225061,c_3025
0_1385,2021-06-25 10:07:04.328448,s_53532,c_682
1_412,2021-09-30 19:40:06.519572,s_98068,c_3100
0_1034,2022-10-12 01:20:41.732329,s_281198,c_8300
0_1218,2021-05-01 03:12:30.269653,s_28229,c_5989
1_320,2022-05-09 17:41:03.252954,s_206041,c_1608
0_2304,2021-09-29 09:48:51.420405,s_97352,c_5680
1_451,2021-06-17 14:50:30.441154,s_49920,c_5756
1_436,2022-03-12 00:11:51.590469,s_177859,c_5456
0_1491,2022-02-17 06:18:17.722511,s_166458,c_1154
1_259,2023-02-22 00:02:45.531441,s_345083,c_7813
0_2279,2022-09-13 02:36:19.830620,s_267216,c_682
0_1437,2021-09-17 06:08:26.458167,s_91125,c_6872
0_2079,2022-06-05 19:24:16.899632,s_219296,c_5790
0_1967,2022-02-13 15:20:56.154811,s_164558,c_7196
1_283,2022-01-19 05:00:57.047862,s_151991,c_4622
0_1565,2021-08-14 01:47:19.685118,s_75414,c_213
0_1682,2022-01-20 23:57:02.287168,s_152814,c_6385
1_683,2023-01-25 13:22:07.522413,s_332181,c_428
1_389,2022-04-04 22:01:58.957994,s_189301,c_2538
0_1532,2023-02-20 11:14:39.511809,s_344335,c_7632
0_991,2022-11-09 14:50:24.011302,s_295127,c_3899
0_1943,2021-07-09 22:11:27.679972,s_60177,c_2800
0_1181,2022-03-03 10:39:03.649002,s_173686,c_7300
0_1091,2022-02-08 06:02:05.574308,s_161773,c_5486
2_135,2021-06-27 17:25:58.295413,s_54650,c_583
0_2269,2021-03-30 02:00:01.869871,s_13318,c_2951
0_2100,2022-08-07 05:14:52.753001,s_249589,c_5557
1_29,2022-10-26 16:27:01.421361,s_288361,c_8335
0_1223,2022-07-31 02:03:56.514316,s_246150,c_6536
1_426,2021-12-15 09:27:22.232219,s_134668,c_4887
1_282,2022-01-05 07:09:01.703994,s_145207,c_5235
0_2190,2022-02-13 03:42:39.022350,s_164299,c_2904
2_62,2021-04-28 06:24:15.837444,s_26850,c_3295
0_1451,2021-05-24 22:28:13.157498,s_39056,c_1609
0_1816,2023-01-05 11:58:42.822664,s_322343,c_3737
0_1598,2021-10-22 04:26:39.767160,s_108316,c_3305
0_1384,2022-08-01 20:07:20.962183,s_246994,c_3675
0_1965,2021-12-04 11:56:41.144274,s_129286,c_3454
1_363,2023-01-31 04:54:01.644353,s_334843,c_4840
0_1168,2022-02-01 12:16:10.365734,s_158342,c_8308
1_267,2022-01-07 21:27:31.166677,s_146505,c_5337
1_550,2021-07-23 21:15:30.886208,s_66240,c_4573
1_162,2021-08-16 18:42:34.373649,s_76635,c_5076
1_505,2022-05-20 08:28:13.858540,s_211333,c_1072
1_449,2022-04-02 09:41:00.791981,s_188139,c_4403
0_1378,2021-09-28 00:12:22.105253,s_96580,c_6082
1_162,2021-03-22 21:39:11.521875,s_10068,c_1609
1_274,2021-07-31 03:11:36.287191,s_69367,c_3517
0_1385,2022-08-14 21:04:17.269543,s_253329,c_6280
0_1465,2021-10-07 17:36:50.227407,s_101405,c_4798
0_1130,2022-02-04 05:19:42.877627,s_159714,c_1629
0_2124,2021-08-02 12:46:22.934860,s_70392,c_588
1_537,2022-11-08 08:26:53.643279,s_294497,c_6714
0_1547,2021-05-18 07:52:08.457119,s_36078,c_5031
2_62,2023-02-27 09:15:11.178965,s_347642,c_2587
0_1419,2022-12-25 06:50:38.060357,s_317011,c_5150
2_1,2021-07-03 20:42:55.825310,s_57448,c_1353
0_1096,2022-10-08 18:19:30.142796,s_279645,c_4357
1_370,2021-09-04 20:26:52.861853,s_85093,c_2624
0_1261,2021-09-26 15:39:43.491209,s_95891,c_2834
0_2124,2022-02-07 10:07:08.744647,s_161327,c_2679
0_1701,2023-02-25 14:57:32.652864,s_346763,c_4729
0_1543,2021-07-02 14:16:44.462864,s_56887,c_7250
0_1556,2022-08-12 09:16:25.633478,s_252154,c_6282
0_1526,2022-08-13 22:26:52.486260,s_252888,c_6649
0_2057,2022-02-19 20:17:56.906133,s_167762,c_2858
1_446,2021-06-23 15:33:47.954456,s_52720,c_2945
0_1317,2021-09-14 17:33:41.237517,s_89882,c_7244
1_288,2021-04-09 19:00:57.040696,s_18294,c_6990
0_1380,2023-02-09 18:46:21.269951,s_339226,c_5373
0_1593,2022-07-05 10:47:31.452760,s_233905,c_6920
0_1962,2021-09-20 07:35:43.157059,s_92649,c_4116
0_1386,2021-11-18 17:59:24.317034,s_121610,c_3144
0_1360,2022-06-04 06:53:01.414957,s_218565,c_1299
1_466,2022-03-15 07:09:02.784380,s_179363,c_8126
0_1401,2021-09-12 22:57:56.511374,s_89008,c_2145
1_365,2021-09-14 11:15:20.107951,s_89752,c_3676
0_1548,2022-09-23 20:41:03.032212,s_272549,c_3480
0_1412,2022-08-10 12:07:48.302913,s_251195,c_254
0_1067,2021-12-17 03:56:10.279975,s_135541,c_1609
0_1417,2022-04-25 18:47:13.507965,s_199388,c_5867
0_1583,2022-02-07 17:34:47.551565,s_161489,c_1410
0_2123,2021-10-12 12:25:19.425841,s_103712,c_2069
0_804,2021-11-21 13:39:12.763599,s_122925,c_492
0_1479,2022-06-06 05:30:20.384618,s_219508,c_5737
2_160,2022-07-19 07:27:10.491722,s_240496,c_5278
1_498,2022-12-13 04:36:15.826274,s_311242,c_6291
2_181,2023-01-13 20:19:07.803413,s_326428,c_5118
0_2228,2022-11-18 08:03:03.020388,s_299208,c_1083
0_1387,2022-03-30 16:09:22.043336,s_186868,c_3921
0_1574,2022-01-09 22:01:13.535435,s_147455,c_8085
1_274,2022-07-18 22:37:50.685004,s_240317,c_6265
1_449,2022-02-19 08:16:34.880221,s_167493,c_3479
0_1777,2022-04-18 18:32:59.504971,s_195983,c_3473
0_1004,2022-11-15 00:31:03.331277,s_297699,c_4698
1_350,2022-06-19 16:46:30.127754,s_226182,c_5861
1_659,2022-09-27 20:51:24.704523,s_274448,c_4228
1_446,2021-12-28 19:48:56.891403,s_141477,c_3358
1_166,2022-09-16 16:29:42.909482,s_269020,c_1224
0_489,2022-06-10 22:34:48.181798,s_221851,c_6164
0_1815,2022-03-27 20:40:28.793288,s_185458,c_5639
0_1288,2021-06-24 13:20:55.707722,s_53138,c_7943
1_441,2022-01-02 07:31:30.286657,s_143767,c_902
0_1392,2021-07-16 13:21:59.551445,s_63077,c_8152
0_1583,2021-04-23 01:20:31.876817,s_24389,c_1494
0_1575,2022-11-10 00:21:00.147204,s_295311,c_6266
2_43,2022-11-14 13:10:53.770111,s_297478,c_5341
1_483,2022-06-17 14:25:39.217755,s_225179,c_7680
0_430,2021-12-03 17:17:53.226785,s_128890,c_8439
1_449,2022-03-25 23:11:57.077693,s_184585,c_6109
1_688,2022-09-04 19:18:04.173100,s_263248,c_8356
0_430,2021-10-04 11:36:15.168298,s_99843,c_5148
0_1045,2023-02-19 15:19:18.217240,s_343931,c_1040
1_589,2022-02-15 12:05:37.615872,s_165525,c_6316
0_765,2021-03-14 12:04:00.228701,s_6205,c_2076
0_999,2021-06-09 09:07:38.492865,s_46190,c_5192
0_2017,2022-04-18 19:34:24.746413,s_195994,c_1893
0_1354,2023-02-02 08:04:00.349776,s_335802,c_42
1_381,2021-03-29 02:01:38.010513,s_12880,c_7564
0_2013,2022-09-05 16:11:54.404421,s_263701,c_8153
0_1309,2021-10-11 03:59:20.226195,s_103065,c_5896
0_1974,2021-12-29 01:16:01.149974,s_141596,c_2677
0_196,2022-03-23 23:44:27.883294,s_183538,c_695
0_629,2022-10-04 18:12:46.860522,s_277777,c_4483
0_1627,2022-10-20 13:43:35.785927,s_285376,c_6714
0_1280,2023-02-27 07:49:30.618031,s_347607,c_7235
0_2022,2022-02-07 22:52:16.014761,s_161625,c_3325
0_1590,2021-05-12 04:39:41.826574,s_33339,c_2110
0_1281,2021-10-11 06:27:06.212986,s_103116,c_3284
1_635,2022-03-23 19:20:05.011679,s_183448,c_6425
0_1085,2021-11-28 20:11:26.162782,s_126481,c_5866
1_259,2022-01-19 07:11:11.128828,s_152020,c_8167
1_278,2022-04-17 17:09:18.257683,s_195430,c_7271
1_632,2021-12-22 05:46:25.646101,s_138076,c_2076
0_365,2022-11-02 07:19:09.769214,s_291526,c_2087
0_1609,2023-01-08 08:10:18.115410,s_323730,c_5674
0_359,2021-12-12 20:13:39.384929,s_133398,c_4562
1_451,2021-07-16 13:43:31.134450,s_63086,c_5672
1_413,2022-04-07 14:25:51.617446,s_190594,c_7716
1_350,2022-05-06 22:05:02.761349,s_204642,c_3454
1_395,2022-07-28 08:54:10.136771,s_244898,c_6635
0_1403,2022-09-08 12:26:26.412486,s_265092,c_2653
0_1340,2022-07-15 18:47:36.893231,s_238859,c_614
1_652,2021-09-01 20:05:23.624360,s_83714,c_3675
2_179,2022-11-24 17:11:28.961812,s_302193,c_1590
0_1291,2021-07-04 19:27:30.450086,s_57876,c_1515
0_1507,2022-07-31 21:31:52.479242,s_246526,c_1193
0_1752,2021-04-25 15:15:26.990006,s_25601,c_4367
1_311,2021-09-12 07:31:34.036593,s_88673,c_5422
0_1707,2021-11-13 01:43:44.650681,s_118783,c_4445
0_1362,2021-07-31 16:34:38.433219,s_69595,c_631
0_359,2022-12-24 23:28:33.717835,s_316863,c_7258
1_442,2021-05-11 05:35:40.433568,s_32893,c_7282
0_1418,2021-04-06 00:36:28.705834,s_16559,c_6827
0_1430,2021-05-18 19:46:34.357682,s_36307,c_5600
1_392,2022-03-25 23:35:07.611618,s_184590,c_4523
1_376,2022-10-04 16:30:09.602752,s_277738,c_7657
0_1254,2021-09-23 07:56:50.326878,s_94149,c_1442
0_1483,2021-03-13 16:59:34.116677,s_5815,c_1525
1_538,2021-03-26 03:27:50.896402,s_11564,c_2924
1_362,2022-01-12 11:47:36.095020,s_148726,c_7593
0_1460,2023-01-29 09:39:57.722651,s_333999,c_2710
0_1182,2022-10-01 10:56:18.782646,s_276152,c_4832
1_442,2021-10-29 21:40:18.662951,s_111987,c_784
1_432,2022-01-05 08:34:39.108226,s_145256,c_383
0_1085,2021-03-25 05:49:57.848540,s_11144,c_5389
1_721,2023-02-14 14:11:42.448031,s_341530,c_2835
0_1560,2022-12-11 14:31:58.833716,s_310482,c_1782
1_708,2021-12-22 14:22:43.051474,s_138257,c_3544
1_728,2022-07-17 12:10:11.466648,s_239634,c_8425
1_436,2021-11-28 00:18:49.987600,s_126085,c_4685
0_1055,2022-09-13 11:59:59.151689,s_267402,c_3206
1_260,2022-08-04 15:28:29.745014,s_248315,c_6056
1_260,2022-07-15 11:31:03.845157,s_238717,c_5834
0_1370,2022-12-06 22:09:30.318661,s_308108,c_6107
0_1385,2022-12-14 19:04:06.763186,s_312065,c_1177
0_1583,2022-11-01 13:04:45.925536,s_291153,c_8396
0_1604,2022-06-06 09:15:31.359606,s_219606,c_6956
0_441,2021-05-20 13:51:43.170245,s_37093,c_5978
0_1059,2021-04-20 17:37:28.147282,s_23289,c_8109
0_1501,2021-07-19 02:27:09.689592,s_64227,c_6299
0_1081,2021-04-13 17:23:56.092267,s_20090,c_7184
0_1638,2021-04-29 16:31:38.601108,s_27525,c_2890
2_156,2021-08-02 04:30:29.421390,s_70218,c_2813
0_1048,2021-03-24 03:58:32.611517,s_10660,c_8141
1_397,2022-01-27 21:47:17.069464,s_156127,c_3454
1_659,2022-08-31 14:16:10.007689,s_261262,c_6157
0_1278,2022-06-11 01:08:26.037733,s_221924,c_1379
0_2243,2022-10-05 13:31:57.413051,s_278134,c_3735
1_245,2022-09-19 06:55:15.022717,s_270255,c_2576
0_2039,2021-04-16 03:23:27.276782,s_21190,c_6873
1_510,2023-02-18 04:00:39.667139,s_343177,c_3947
0_1368,2021-12-09 05:37:27.303318,s_131633,c_502
1_320,2022-09-04 14:42:19.601742,s_263167,c_1590
1_271,2022-12-19 11:44:46.290939,s_314386,c_24
1_498,2022-05-10 01:04:20.593403,s_206198,c_4807
0_517,2022-01-24 17:23:46.251806,s_154610,c_7819
0_1376,2021-09-25 15:29:09.949300,s_95359,c_1434
1_445,2022-09-02 00:46:48.505212,s_261949,c_2298
0_1344,2023-01-26 12:08:21.034527,s_332643,c_1338
0_1070,2022-05-24 11:58:52.762013,s_213317,c_6677
0_1468,2022-11-26 06:44:35.006956,s_302959,c_7368
1_43,2023-01-01 21:54:11.172861,s_320606,c_238
0_1398,2022-04-18 14:38:22.890421,s_195890,c_7062
0_1590,2023-02-10 19:52:18.623461,s_339678,c_2005
1_281,2021-04-22 08:16:01.092001,s_24057,c_1207
1_524,2021-12-02 05:03:08.930880,s_128140,c_5654
0_1472,2022-10-20 02:01:54.752642,s_285117,c_7090
0_1473,2022-10-11 07:45:47.022522,s_280842,c_1113
1_376,2022-04-07 11:45:07.362560,s_190538,c_6159
0_1118,2021-04-17 09:23:33.710453,s_21782,c_1609
2_109,2022-05-08 05:04:39.215950,s_205296,c_3818
1_383,2021-06-18 20:27:07.537432,s_50491,c_838
1_381,2022-01-12 04:28:53.001945,s_148571,c_4152
0_2134,2022-10-22 11:16:29.399412,s_286289,c_8228
0_1458,2021-07-14 07:26:35.882545,s_62077,c_4167
1_544,2022-04-11 20:54:21.156611,s_192621,c_6714
1_459,2021-11-03 15:52:07.502287,s_114239,c_3090
0_1356,2021-05-29 15:48:16.121014,s_41247,c_7423
1_267,2021-06-07 21:34:21.857728,s_45510,c_1917
1_395,2022-04-16 05:03:00.251353,s_194736,c_8507
0_2063,2022-06-12 07:55:30.735865,s_222559,c_122
2_144,2021-10-29 14:14:30.540370,s_111838,c_4411
1_607,2022-12-04 12:18:44.783809,s_306971,c_7649
0_1,2022-01-09 19:14:11.059198,s_147413,c_8008
1_468,2021-03-06 12:29:44.912555,s_2559,c_1540
0_1613,2021-09-29 23:31:32.058459,s_97651,c_8425
0_1411,2022-02-27 15:37:31.372364,s_171754,c_2551
0_2123,2022-10-04 14:41:26.855925,s_277712,c_4400
0_1451,2021-08-07 09:37:40.067172,s_72502,c_2914
0_1335,2022-08-17 17:20:14.980155,s_254639,c_4329
0_1311,2021-07-16 15:16:58.632914,s_63114,c_7499
1_248,2021-03-13 08:13:16.166206,s_5653,c_7806
1_464,2022-10-12 12:29:41.039306,s_281415,c_4147
1_301,2022-09-29 04:04:19.619395,s_275066,c_5529
1_634,2022-10-14 17:08:32.988129,s_282482,c_1816
0_1748,2022-03-11 21:38:04.279430,s_177807,c_1609
1_498,2021-06-10 22:48:12.371089,s_46912,c_2397
1_288,2022-01-20 00:01:39.092065,s_152336,c_7390
0_996,2022-05-03 15:42:59.159001,s_203094,c_5159
2_214,2022-02-13 13:26:59.082690,s_164531,c_6294
1_277,2021-11-14 14:49:16.461144,s_119558,c_6988
0_1506,2021-08-17 12:26:26.994771,s_76942,c_3330
1_352,2021-12-23 05:38:53.804067,s_138621,c_6646
1_599,2022-05-29 03:40:47.533039,s_215627,c_2238
0_2290,2023-01-01 05:17:33.653254,s_320270,c_6739
2_157,2022-06-15 08:44:56.670295,s_224126,c_3733
0_1431,2022-02-12 19:29:04.318139,s_164136,c_8619
1_449,2022-10-18 03:21:26.649190,s_284130,c_122
2_145,2022-08-15 01:16:39.501723,s_253417,c_5257
1_280,2021-08-26 09:28:24.759016,s_80861,c_7338
1_578,2022-06-24 15:51:21.436654,s_228616,c_4958
1_445,2022-12-14 10:39:26.612541,s_311898,c_4651
0_1983,2022-12-04 21:07:00.554395,s_307140,c_7654
0_1940,2022-03-16 02:18:37.068812,s_179738,c_6666
1_203,2022-05-10 18:43:34.174604,s_206552,c_7675
1_385,2022-01-16 10:06:11.643425,s_150589,c_5106
0_2096,2021-08-20 13:53:51.389113,s_78322,c_2840
1_459,2021-05-07 19:13:21.150253,s_31292,c_3262
1_260,2022-11-23 21:05:50.291234,s_301768,c_123
0_1632,2023-01-16 11:46:25.109387,s_327726,c_579
0_649,2021-07-24 09:28:07.583857,s_66480,c_7587
0_1352,2022-10-03 12:03:56.600963,s_277180,c_1439
0_1125,2022-12-19 11:09:11.366000,s_314373,c_575
2_209,2023-02-14 06:24:30.375161,s_341380,c_7051
0_1665,2022-08-27 18:22:21.534889,s_259369,c_6770
0_1349,2021-06-21 00:12:09.145973,s_51504,c_1986
0_1421,2021-08-06 12:02:16.694329,s_72112,c_7217
0_1384,2022-07-15 13:04:47.759847,s_238745,c_8588
2_135,2021-06-03 13:03:17.558955,s_43516,c_1053
0_1347,2023-02-13 07:53:37.899846,s_340921,c_605
1_325,2021-06-19 17:07:24.817946,s_50908,c_5618
0_1202,2022-10-26 13:52:44.460694,s_288312,c_2840
0_1386,2022-12-29 20:20:15.738597,s_319177,c_3519
1_434,2022-04-25 14:57:49.017188,s_199301,c_7612
1_448,2023-02-28 22:29:54.677919,s_348419,c_1609
0_257,2022-03-21 03:22:02.036503,s_182144,c_7716
0_2213,2021-05-16 12:13:07.150690,s_35269,c_2141
1_282,2023-02-27 12:18:38.348371,s_347713,c_4659
0_1328,2023-01-19 15:58:26.290158,s_329274,c_2677
1_396,2021-11-19 05:36:54.090475,s_121834,c_7245
1_442,2022-01-05 01:23:46.578939,s_145112,c_5235
1_676,2022-03-31 21:06:26.377155,s_187428,c_3294
0_1614,2022-11-24 00:40:19.060534,s_301850,c_4666
1_417,2021-06-26 14:01:02.079277,s_54105,c_8387
1_267,2022-09-02 04:15:50.592159,s_262010,c_3675
1_289,2022-05-08 11:01:10.245925,s_205427,c_2405
0_1210,2022-05-17 01:48:55.867017,s_209704,c_5960
1_397,2022-03-16 04:33:44.086483,s_179788,c_4950
1_453,2021-10-29 13:00:47.332458,s_111813,c_5120
0_1126,2021-09-05 23:58:39.039385,s_85604,c_2392
0_1594,2023-01-14 07:48:46.517322,s_326650,c_2463
0_1434,2021-06-06 20:14:05.386892,s_45025,c_654
1_426,2021-07-02 22:31:34.686469,s_57045,c_188
0_1352,2022-01-19 06:37:47.240146,s_152013,c_2558
0_1631,2021-11-19 10:01:40.128438,s_121931,c_4004
0_1584,2021-09-06 15:32:03.619092,s_85911,c_4526
1_265,2022-07-13 22:46:53.260587,s_237972,c_4309
1_644,2022-10-09 15:02:51.883069,s_280054,c_887
1_320,2023-02-21 13:16:36.543579,s_344856,c_6351
1_383,2022-05-23 06:48:00.198614,s_212701,c_3467
0_1472,2022-02-20 17:58:38.241553,s_168238,c_6627
0_1411,2022-03-23 21:54:44.531723,s_183495,c_7484
0_2051,2021-04-28 15:52:46.415238,s_27039,c_6272
1_369,2022-11-04 08:26:32.146938,s_292502,c_6645
1_433,2021-04-30 12:08:19.351824,s_27926,c_6664
0_1029,2022-04-12 05:42:18.846561,s_192826,c_5819
0_1268,2022-04-04 16:13:56.460200,s_189203,c_6936
2_62,2021-11-18 17:09:49.602902,s_121589,c_7553
0_1548,2022-09-17 23:29:36.783260,s_269612,c_556
0_1361,2022-01-08 11:40:59.953401,s_146790,c_8279
0_1476,2022-06-05 03:07:40.637100,s_218974,c_6661
0_1548,2021-04-23 21:06:57.653341,s_24760,c_1379
0_1342,2022-05-26 15:57:12.938007,s_214340,c_657
0_1414,2022-08-03 21:11:15.158045,s_247932,c_1153
0_2268,2021-11-01 13:41:36.476887,s_113200,c_4325
1_540,2021-06-18 08:06:51.639049,s_50249,c_3083
1_723,2021-04-02 23:06:42.793583,s_15141,c_7525
0_1563,2022-06-16 11:23:10.696628,s_224663,c_6802
0_1482,2022-11-14 02:53:03.611083,s_297276,c_7133
1_436,2021-03-16 22:10:07.737766,s_7299,c_3608
1_179,2021-07-12 19:31:54.551636,s_61406,c_6267
0_1355,2021-08-20 16:08:42.293806,s_78367,c_2538
0_1381,2022-05-24 13:35:59.487786,s_213338,c_1318
0_1163,2021-09-11 21:12:34.860806,s_88469,c_6017
0_1426,2022-03-15 01:04:47.981483,s_179252,c_5454
1_271,2021-03-02 06:28:09.217785,s_616,c_6014
0_1065,2022-12-14 11:55:53.480704,s_311929,c_6209
0_1115,2022-06-14 11:40:11.009013,s_223692,c_1963
0_1046,2021-06-06 15:07:51.589002,s_44913,c_6672
0_1156,2022-12-15 20:19:34.168926,s_312581,c_2861
0_1182,2021-03-27 16:20:47.810696,s_12251,c_5086
1_383,2022-09-05 11:42:27.057682,s_263604,c_7845
0_1399,2023-01-26 10:16:59.723286,s_332619,c_6144
0_1366,2021-03-16 21:53:28.842160,s_7299,c_3608
0_1145,2023-01-04 01:34:06.726622,s_321661,c_4964
1_412,2021-07-02 07:28:55.746298,s_56748,c_6366
1_57,2021-06-05 13:52:35.104886,s_44436,c_5479
1_369,2023-02-09 14:48:02.667877,s_339158,c_4642
0_1553,2022-05-11 11:18:01.579222,s_206909,c_938
0_1102,2021-11-30 14:42:53.262024,s_127359,c_7634
0_1358,2021-06-17 23:58:23.337535,s_50095,c_1422
1_407,2022-11-15 18:39:50.831050,s_298011,c_4156
0_1350,2021-10-16 09:02:36.274328,s_105541,c_8118
1_414,2021-07-28 08:40:31.793948,s_68158,c_6453
0_2029,2023-01-24 02:42:20.736395,s_331454,c_6804
0_1447,2022-02-04 21:56:31.028163,s_160050,c_3700
0_1036,2021-03-30 19:22:54.175026,s_13654,c_1672
0_1163,2022-02-01 10:05:04.753123,s_158305,c_7211
2_211,2022-04-02 18:59:58.766185,s_188311,c_5980
2_12,2023-02-09 14:16:48.977548,s_339151,c_6698
2_32,2022-11-29 06:14:33.653865,s_304429,c_4591
0_2145,2022-08-13 15:59:33.732756,s_252752,c_4402
0_1472,2022-10-22 20:50:34.916011,s_286482,c_8127
1_323,2022-09-14 09:39:47.007542,s_267858,c_7763
1_732,2021-04-09 04:11:50.892142,s_18000,c_6860
0_1742,2022-10-03 21:05:59.289141,s_277366,c_1228
0_1483,2022-06-22 05:54:32.510548,s_227424,c_3696
0_1553,2022-08-10 03:03:33.491758,s_251026,c_2071
2_109,2022-07-21 10:34:57.688830,s_241550,c_6277
0_2272,2021-05-01 01:26:59.515995,s_28186,c_3152
1_365,2021-09-13 07:50:50.955073,s_89185,c_6092
1_385,2022-08-28 15:30:20.513034,s_259795,c_6931
1_223,2021-04-20 00:20:54.537367,s_22965,c_7368
0_1483,2022-12-22 01:10:43.712392,s_315558,c_886
0_1626,2021-05-26 05:35:20.192261,s_39658,c_5022
0_1190,2022-03-07 16:07:59.906947,s_175769,c_2209
0_1162,2021-04-08 22:32:12.880112,s_17898,c_1939
1_433,2022-08-26 11:19:13.815616,s_258718,c_5114
1_708,2021-12-27 13:49:01.439722,s_140849,c_4526
1_449,2022-07-13 11:37:01.965150,s_237760,c_2217
0_1382,2022-05-28 04:12:30.952270,s_215116,c_2010
0_1070,2022-07-07 16:50:49.768113,s_235039,c_7813
0_1370,2021-12-01 01:20:32.964089,s_127579,c_5537
0_1493,2022-05-02 12:32:33.931733,s_202534,c_6663
0_1409,2022-10-10 13:34:41.437054,s_280474,c_4743
0_2062,2022-09-04 02:54:18.453077,s_262955,c_4844
1_385,2022-11-18 00:59:24.468031,s_299064,c_7020
1_444,2022-05-07 20:11:59.241282,s_205094,c_7116
0_1613,2022-07-03 13:13:46.829856,s_232965,c_2810
0_2068,2022-10-07 20:20:05.665641,s_279213,c_2141
0_2126,2021-09-10 05:42:29.773259,s_87633,c_1609
1_619,2021-08-03 15:03:57.605052,s_70901,c_1262
0_1410,2021-07-25 16:56:57.932811,s_67024,c_7728
1_185,2022-04-21 08:18:34.469604,s_197236,c_5864
1_353,2022-06-20 23:02:34.661075,s_226769,c_3454
0_1125,2022-04-07 14:30:21.059156,s_190594,c_7716
2_233,2022-06-04 17:09:56.427948,s_218730,c_6158
0_1538,2021-11-10 18:11:09.010630,s_117620,c_741
1_621,2022-05-06 16:04:02.511531,s_204527,c_3714
1_99,2021-05-22 05:33:25.976665,s_37831,c_1347
0_1397,2021-06-07 15:29:20.716526,s_45392,c_4421
0_1486,2023-01-16 22:10:29.122116,s_327936,c_1315
0_1849,2021-07-30 09:06:51.516631,s_69035,c_3637
0_1029,2021-04-15 08:56:52.607084,s_20837,c_8443
1_459,2022-03-24 10:45:33.916482,s_183780,c_8082
0_1052,2021-06-08 14:36:47.159434,s_45834,c_2770
0_1754,2022-09-02 22:39:22.977405,s_262385,c_1214
1_510,2022-11-18 19:43:21.914313,s_299432,c_2721
0_1073,2022-11-11 17:23:59.501142,s_296065,c_212
0_1392,2021-08-23 20:11:00.705903,s_79761,c_585
1_246,2022-02-06 11:03:37.173188,s_160823,c_1595
0_1377,2021-10-09 21:07:46.114852,s_102446,c_7779
0_1623,2022-02-25 09:26:39.956759,s_170614,c_3075
0_1437,2021-08-05 09:04:08.807547,s_71637,c_887
0_2264,2022-04-18 04:38:08.982810,s_195692,c_5216
1_260,2022-01-23 10:54:06.742393,s_153989,c_4363
0_1421,2022-04-03 18:57:28.360275,s_188782,c_3325
1_379,2022-04-03 22:36:02.872514,s_188841,c_6417
1_365,2022-12-10 17:08:40.451984,s_310042,c_3994
1_85,2021-05-25 03:38:05.537366,s_39145,c_5836
0_1036,2021-06-06 21:11:09.574961,s_45043,c_6249
0_368,2022-05-07 08:23:32.741907,s_204874,c_8
0_2211,2022-03-30 09:01:16.284698,s_186734,c_5868
1_632,2022-05-25 14:50:08.318959,s_213843,c_7545
1_350,2022-01-30 08:09:07.629433,s_157317,c_7606
1_267,2022-10-07 02:55:30.018491,s_278839,c_7003
0_1387,2023-02-10 15:31:51.841708,s_339607,c_4253
0_1930,2022-09-17 04:56:50.194904,s_269255,c_6590
0_1566,2021-04-06 05:48:22.982079,s_16673,c_3220
1_611,2022-11-08 11:25:08.508205,s_294545,c_197
0_1105,2022-03-22 02:42:20.495317,s_182567,c_45
1_448,2021-05-02 17:37:48.914837,s_28927,c_8408
1_274,2021-04-08 16:10:56.885396,s_17778,c_7486
0_273,2022-11-07 15:13:24.782048,s_294095,c_6289
2_189,2021-07-12 21:19:51.918358,s_61430,c_7257
0_1158,2022-09-03 00:46:31.919271,s_262447,c_1952
0_1507,2022-09-13 07:09:05.231292,s_267325,c_8146
0_1464,2021-12-02 12:08:12.347934,s_128303,c_5753
0_1418,2022-05-06 12:07:59.656622,s_204472,c_6492
0_1460,2022-05-11 05:15:05.376678,s_206802,c_3253
0_1380,2022-04-22 20:00:42.611907,s_197869,c_1461
2_138,2021-12-15 04:16:24.179964,s_134561,c_4958
0_1665,2022-09-15 10:35:29.689142,s_268368,c_7511
1_271,2022-01-23 20:56:33.346864,s_154196,c_8356
1_432,2023-01-14 01:02:18.193502,s_326498,c_1423
1_425,2022-01-30 04:05:37.807729,s_157238,c_3909
1_480,2023-02-26 09:35:41.522919,s_347145,c_2449
0_1607,2022-10-18 09:39:15.999745,s_284230,c_3394
2_43,2021-09-07 02:04:27.893514,s_86103,c_8017
1_586,2021-04-04 21:05:50.529351,s_16030,c_197
0_1362,2021-12-11 12:54:57.687306,s_132781,c_2209
0_1562,2022-03-10 00:05:55.758850,s_176897,c_3728
0_1501,2022-04-13 04:26:14.672300,s_193285,c_3433
2_46,2021-03-16 07:42:36.733047,s_7027,c_3501
0_1223,2021-04-30 04:35:43.570259,s_27782,c_4588
0_1437,2022-05-03 16:43:20.336268,s_203086,c_702
0_1454,2023-01-19 13:39:57.999212,s_329241,c_4803
0_1218,2021-11-14 12:15:22.289939,s_119509,c_6914
1_310,2022-12-02 16:18:53.284069,s_306098,c_2297
1_336,2021-08-05 09:10:59.641230,s_71633,c_3131
2_46,2022-08-23 18:43:15.155895,s_257447,c_7789
0_1758,2022-10-16 22:19:52.853308,s_283475,c_5656
2_62,2021-05-08 00:20:12.460355,s_31378,c_30
0_1188,2022-05-07 21:05:08.244315,s_205124,c_4880
1_547,2023-01-02 10:08:06.204270,s_320845,c_2849
1_313,2022-03-29 15:02:46.384706,s_186335,c_3080
0_1330,2021-09-12 21:25:14.942613,s_88969,c_3767
0_1488,2021-08-20 00:42:30.136531,s_78095,c_6285
0_1786,2021-10-01 06:43:54.806358,s_98300,c_1006
2_13,2022-12-23 09:17:20.416945,s_316174,c_600
1_257,2022-01-30 08:19:28.904640,s_157318,c_575
1_376,2023-01-11 02:26:06.117214,s_325113,c_6409
0_1750,2022-06-15 23:34:19.343443,s_224425,c_5501
0_1325,2022-10-11 03:31:37.211673,s_280757,c_2028
0_991,2021-10-16 10:52:47.717105,s_105568,c_4970
1_542,2021-09-18 04:26:26.657649,s_91585,c_6626
0_1298,2021-09-18 10:20:00.693022,s_91712,c_1959
0_1384,2023-01-18 19:46:27.314797,s_328877,c_6007
0_1441,2022-02-22 19:21:39.985824,s_169268,c_7295
0_155,2023-01-21 06:54:50.806093,s_330036,c_4297
1_434,2021-11-18 17:33:47.012459,s_121599,c_7813
1_97,2022-01-07 02:15:00.869285,s_146118,c_3209
1_378,2022-11-24 20:54:19.282603,s_302271,c_8556
0_1564,2021-11-08 04:13:33.592170,s_116404,c_4491
0_175,2021-05-08 07:03:35.096374,s_31536,c_7173
0_1035,2021-07-27 20:28:40.506161,s_67935,c_1371
0_1184,2022-02-11 15:54:36.408838,s_163553,c_6536
0_2301,2021-11-09 04:27:08.984858,s_116904,c_5356
0_1247,2021-03-11 11:53:35.131353,s_4836,c_1609
1_281,2021-12-08 12:52:05.248664,s_131274,c_3672
0_1962,2022-02-07 05:52:54.602080,s_161238,c_1494
0_1434,2021-12-24 02:59:06.161384,s_139075,c_6381
0_1393,2021-04-08 19:10:34.208636,s_17834,c_5095
1_413,2023-02-10 09:38:01.133579,s_339518,c_4958
1_333,2021-12-21 20:07:34.297161,s_137882,c_6558
1_403,2022-03-13 17:49:16.891769,s_178601,c_4563
1_727,2022-07-04 15:46:07.452860,s_233497,c_4402
1_304,2021-08-11 20:05:31.873838,s_74454,c_8028
0_1458,2021-04-08 10:13:35.682006,s_17666,c_7208
1_407,2021-03-28 13:52:19.692453,s_12638,c_2542
0_345,2021-06-19 07:22:41.459871,s_50724,c_3963
1_631,2022-03-24 03:43:56.965948,s_183633,c_7184
1_466,2022-09-08 09:38:57.843761,s_265034,c_2460
0_1417,2022-05-13 05:31:20.707473,s_207749,c_2308
0_1277,2021-08-11 06:44:18.677041,s_74200,c_779
0_2176,2022-08-09 13:50:16.690584,s_250750,c_4363
0_1520,2022-09-08 11:14:48.725912,s_265073,c_746
0_1596,2022-06-15 03:55:29.806009,s_224028,c_8138
1_508,2021-09-19 00:13:50.040241,s_91987,c_6199
0_1378,2022-01-25 15:42:21.715614,s_155051,c_6101
0_2137,2022-07-16 03:49:57.056697,s_239044,c_1120
0_1781,2022-10-22 07:00:38.470642,s_286210,c_2948
0_1391,2022-03-09 21:52:37.441461,s_176842,c_5827
0_1061,2021-05-27 04:29:27.932407,s_40095,c_6714
1_488,2021-05-21 07:07:47.410880,s_37418,c_6595
1_130,2022-06-07 19:45:29.293105,s_220335,c_6922
1_461,2022-02-13 04:56:35.560470,s_164341,c_1609
1_446,2022-11-24 04:10:17.974769,s_301908,c_5346
0_1396,2022-05-08 22:07:09.227612,s_205653,c_1609
1_231,2021-04-25 04:16:51.239070,s_25382,c_7978
0_1559,2022-05-10 02:33:50.459619,s_206228,c_3662
0_995,2022-06-21 01:52:33.645963,s_226835,c_7207
0_1340,2021-10-10 18:45:13.119952,s_102889,c_7240
0_1591,2022-02-16 19:53:45.257496,s_166231,c_4367
1_353,2022-04-27 12:47:07.837562,s_200173,c_3454
0_1106,2023-02-11 16:06:02.124288,s_340102,c_1609
1_448,2021-08-06 21:44:33.444743,s_72293,c_925
0_0,2022-04-14 08:07:29.127872,s_193848,c_4584
1_50,2021-06-27 04:13:33.833177,s_54397,c_7007
0_1931,2021-11-24 17:03:43.085522,s_124463,c_3446
1_403,2021-09-18 23:31:13.286976,s_91953,c_8163
0_2283,2022-08-14 05:31:10.142470,s_253030,c_2960
2_223,2022-12-08 00:46:28.483122,s_308683,c_6084
1_367,2022-06-18 07:59:08.389890,s_225535,c_8062
0_1134,2022-04-25 19:49:19.136753,s_199409,c_8442
0_1003,2022-07-28 22:03:36.461751,s_245134,c_7920
0_1416,2021-10-06 18:01:19.514117,s_100966,c_651
0_700,2021-07-29 15:23:59.939637,s_68708,c_548
0_1256,2021-06-04 11:37:25.702808,s_43930,c_7244
1_365,2021-08-06 14:03:21.617142,s_72147,c_2118
0_1904,2021-11-04 00:42:45.474548,s_114412,c_7768
1_336,2022-02-20 14:03:46.279180,s_168151,c_8548
0_1261,2021-08-22 01:15:04.033656,s_78971,c_8180
0_1987,2023-01-18 20:19:37.765769,s_328889,c_6027
2_181,2021-05-20 02:04:47.428189,s_36875,c_6676
0_1630,2021-10-18 15:17:32.763521,s_106647,c_2125
0_2238,2021-08-04 04:28:09.115488,s_71136,c_640
2_110,2022-09-09 15:51:55.907224,s_265608,c_6158
0_2079,2023-01-06 18:09:59.490086,s_322968,c_6205
0_0,2022-10-11 11:14:51.437316,s_280903,c_2308
0_2116,2022-06-10 18:21:08.918957,s_221749,c_2427
1_407,2022-12-03 02:59:11.603531,s_306332,c_1986
0_1447,2021-08-29 04:42:53.587808,s_82081,c_1011
0_1342,2022-05-26 08:56:00.768672,s_214209,c_2006
1_296,2022-01-17 08:18:01.428847,s_151052,c_1754
0_1059,2022-05-08 08:49:31.014719,s_205383,c_7683
1_28,2021-12-10 20:14:03.336328,s_132442,c_4996
1_504,2023-01-17 02:05:31.185579,s_328016,c_6714
0_1121,2021-03-09 00:19:13.923910,s_3694,c_1347
0_1810,2022-09-15 09:32:36.386838,s_268342,c_5670
0_1430,2022-09-18 00:19:04.539794,s_269631,c_947
0_1347,2021-11-11 01:39:02.669400,s_117785,c_2667
0_1551,2021-11-19 05:52:55.556491,s_121837,c_1570
0_2115,2021-10-18 19:28:23.578827,s_106746,c_5772
0_624,2022-06-01 04:25:56.445616,s_217091,c_1570
0_997,2022-07-30 09:31:35.281425,s_245828,c_7691
0_1499,2021-10-26 21:08:21.586154,s_110573,c_2504
0_1579,2022-11-12 09:18:20.463892,s_296376,c_7814
0_1395,2023-01-26 00:21:11.843475,s_332389,c_377
0_1398,2022-04-13 17:18:48.941937,s_193522,c_1609
1_397,2021-07-17 14:06:39.309690,s_63501,c_3587
1_456,2021-05-01 12:55:47.438303,s_28403,c_5855
2_202,2022-09-05 16:44:39.268901,s_263699,c_1559
0_2054,2023-01-24 10:20:32.112669,s_331604,c_463
1_475,2021-10-29 21:32:32.967891,s_111986,c_4081
0_2292,2021-05-11 12:12:16.570001,s_32998,c_3104
1_507,2022-10-10 04:53:06.410439,s_280317,c_4486
0_1473,2021-11-18 18:55:47.089485,s_121625,c_1409
1_676,2021-11-21 02:46:17.424685,s_122720,c_3195
0_1579,2023-02-25 21:50:24.430250,s_346893,c_6719
0_1638,2021-06-21 04:51:46.008099,s_51599,c_3858
0_1980,2021-04-10 04:20:12.884924,s_18474,c_1701
1_403,2021-12-29 17:07:40.490927,s_141931,c_4947
0_1913,2023-01-07 15:48:30.885334,s_323394,c_6385
1_464,2022-10-18 17:39:25.879701,s_284410,c_2993
0_2165,2021-03-27 01:46:33.717483,s_11972,c_7574
0_1461,2021-07-17 15:37:36.360899,s_63521,c_3730
0_1392,2022-03-08 08:28:15.394542,s_176129,c_121
0_2047,2021-11-25 19:22:29.876526,s_124991,c_2052
0_1971,2022-08-22 15:20:44.782779,s_256917,c_4317
0_1397,2022-04-25 01:39:31.002803,s_199035,c_2595
0_1609,2022-04-21 15:41:52.894872,s_197361,c_7109
0_1422,2022-06-18 00:44:04.324723,s_225382,c_4676
0_1127,2022-12-26 18:48:27.606328,s_317701,c_2757
1_396,2023-02-14 21:07:17.031957,s_341657,c_903
0_2261,2022-03-08 15:28:21.554180,s_176252,c_6231
0_1639,2022-04-18 10:30:47.447341,s_195825,c_8383
0_1528,2022-01-31 20:20:14.793981,s_158020,c_2308
0_1386,2022-05-13 12:59:14.995472,s_207875,c_7000
0_1103,2022-07-31 23:42:44.797366,s_246551,c_6805
0_1338,2021-06-01 15:33:15.096966,s_42629,c_8457
0_170,2022-04-05 04:02:15.009543,s_189433,c_6403
0_1493,2023-02-24 05:47:39.829510,s_346114,c_7550
2_41,2022-01-06 05:59:52.866272,s_145688,c_8410
0_1009,2022-11-13 09:40:10.948565,s_296927,c_2330
1_279,2022-01-12 18:52:36.046304,s_148869,c_8312
0_1394,2022-11-28 00:52:31.469555,s_303798,c_6714
0_1646,2021-07-06 07:19:56.768060,s_58533,c_6849
0_1469,2021-04-25 07:14:35.828377,s_25439,c_580
0_1124,2022-05-25 22:48:52.946841,s_213984,c_7526
1_449,2022-02-11 04:24:59.251693,s_163305,c_6133
0_0,2022-02-24 07:09:06.379115,s_170042,c_2890
2_162,2022-05-26 01:38:12.197911,s_214055,c_667
0_2174,2021-04-02 12:20:19.880519,s_14937,c_6621
0_1472,2022-04-07 10:34:58.579729,s_190516,c_243
0_1,2021-08-08 14:55:29.272398,s_73035,c_585
0_1512,2022-01-29 05:03:14.168844,s_156766,c_6289
1_246,2022-02-22 03:51:37.273776,s_168962,c_1422
0_2233,2021-12-02 04:31:09.885116,s_128135,c_2466
1_414,2022-07-31 13:00:22.300364,s_246366,c_5985
0_1434,2021-10-12 14:58:22.054541,s_103746,c_495
0_1482,2021-06-18 06:21:07.132509,s_50212,c_1609
0_1226,2021-10-16 11:03:05.824218,s_105568,c_4970
1_311,2022-04-12 01:31:50.503119,s_192750,c_1609
0_2131,2021-09-16 13:16:22.518172,s_90790,c_7385
1_364,2021-04-11 15:22:03.116596,s_19144,c_5808
1_362,2021-05-16 16:41:54.107385,s_35322,c_6378
0_2240,2021-11-02 19:06:32.355475,s_113821,c_1085
1_412,2022-08-28 08:54:08.034333,s_259668,c_8232
0_1072,2022-10-18 13:28:58.167663,s_284315,c_3817
1_376,2023-02-16 09:17:23.625954,s_342371,c_6185
0_1480,2021-03-23 06:10:47.737387,s_10231,c_7736
0_545,2021-12-14 17:02:32.264057,s_134325,c_8136
1_412,2022-07-08 09:25:20.834114,s_235381,c_3037
1_617,2021-07-10 17:42:20.584036,s_60508,c_2505
0_2152,2022-11-04 01:52:36.149356,s_292394,c_5780
1_398,2021-11-07 15:34:43.321446,s_116152,c_1609
2_191,2022-10-25 23:10:57.652277,s_288028,c_4958
0_912,2021-04-05 20:05:52.001415,s_16484,c_3025
0_1453,2022-05-28 19:09:04.471034,s_215453,c_3689
1_378,2022-10-02 22:58:49.620137,s_276904,c_3146
0_2292,2021-12-12 14:33:35.559978,s_133297,c_3766
0_1036,2021-06-24 21:59:48.571019,s_53301,c_6750
1_456,2022-04-11 21:49:31.281389,s_192672,c_7703
0_1177,2021-12-05 00:35:36.951684,s_129516,c_3488
2_155,2021-04-03 14:18:15.844035,s_15444,c_2462
0_1328,2022-01-13 02:19:52.471083,s_149013,c_5790
0_1490,2021-08-16 13:44:30.009660,s_76549,c_6422
0_1551,2023-02-24 14:51:22.929754,s_346287,c_6384
0_1637,2022-04-25 13:49:07.728571,s_199281,c_7658
1_376,2021-07-05 19:05:32.773569,s_58334,c_2156
0_1450,2021-03-01 08:23:03.121932,s_173,c_3755
0_1367,2021-04-26 10:26:20.655170,s_25983,c_736
1_336,2023-01-04 00:43:02.059621,s_321644,c_7632
0_1354,2022-11-29 02:35:14.472218,s_304349,c_7683
1_483,2021-09-27 11:53:50.559080,s_96322,c_6100
0_1641,2022-04-16 10:49:26.445220,s_194844,c_2041
0_1485,2021-12-11 15:43:39.097340,s_132847,c_7163
1_414,2022-07-28 06:52:36.216409,s_244847,c_2351
1_318,2021-05-28 07:34:18.205140,s_40612,c_21
1_571,2021-08-09 02:26:45.858792,s_73237,c_1609
1_264,2022-02-15 20:54:14.875825,s_165726,c_4681
0_545,2021-08-27 10:56:58.828752,s_81324,c_2982
0_381,2021-10-24 19:16:56.917513,s_109578,c_6753
1_483,2022-05-04 19:49:23.280621,s_203673,c_1080
1_264,2021-07-25 23:07:45.559953,s_67140,c_8510
0_1515,2021-06-30 19:24:19.682756,s_56082,c_804
0_1360,2022-03-31 19:45:20.324352,s_187401,c_2991
0_1140,2022-03-25 06:25:26.034868,s_184216,c_6714
0_1038,2021-11-06 22:57:17.158124,s_115806,c_6054
0_1709,2022-08-02 01:55:26.446963,s_247110,c_765
0_1638,2022-08-28 12:54:33.264974,s_259758,c_1464
1_417,2023-01-29 14:13:53.725795,s_334078,c_2725
1_487,2021-07-18 07:35:00.052818,s_63839,c_8141
1_365,2022-12-07 06:05:38.603237,s_308285,c_4958
0_1442,2022-04-13 00:57:40.247293,s_193216,c_7854
1_691,2022-06-03 23:34:51.462438,s_218414,c_5076
2_102,2022-11-28 00:25:38.683123,s_303804,c_1779
1_280,2022-01-10 21:11:53.181820,s_147938,c_6085
0_2089,2021-03-31 06:44:54.407705,s_13880,c_7403
0_1418,2022-05-06 09:21:12.319236,s_204416,c_4871
0_1031,2021-11-14 15:19:21.112921,s_119574,c_8232
1_395,2021-11-16 22:36:10.842310,s_120705,c_6311
0_2039,2022-05-24 12:53:30.525549,s_213337,c_7465
1_103,2022-06-23 13:23:16.847367,s_228116,c_4593
0_1946,2022-12-20 10:51:34.999214,s_314816,c_4689
1_480,2021-07-13 19:39:57.956010,s_61859,c_8512
0_1419,2021-05-06 21:54:17.965437,s_30866,c_5337
1_288,2023-02-06 13:33:08.096821,s_337749,c_1744
1_520,2022-03-10 00:47:04.906471,s_176911,c_7727
0_2229,2021-07-17 10:38:31.885725,s_63431,c_6005
0_2154,2022-06-28 07:23:29.190696,s_230404,c_3384
2_7,2022-08-23 04:13:06.215686,s_257167,c_1972
0_726,2021-08-22 10:58:40.780711,s_79144,c_866
1_381,2022-07-25 13:26:06.218857,s_243563,c_329
1_267,2021-09-22 15:05:22.589440,s_93790,c_7623
0_1091,2022-05-20 05:05:33.216075,s_211278,c_768
0_1545,2022-08-04 10:20:42.595592,s_248217,c_1433
1_632,2022-12-26 12:48:11.164440,s_317589,c_118
0_1034,2022-12-13 18:27:47.572107,s_311525,c_803
0_1246,2021-07-31 18:38:42.109181,s_69626,c_6345
0_1449,2022-12-04 11:27:02.569760,s_306958,c_5842
0_1410,2022-08-01 05:17:28.483627,s_246701,c_3397
1_304,2022-06-26 03:13:48.880188,s_229386,c_5065
1_585,2022-04-30 19:13:31.721579,s_201731,c_1708
1_532,2022-10-02 01:40:09.546492,s_276465,c_710
0_2092,2021-09-09 07:13:52.028582,s_87181,c_7849
0_1049,2021-08-05 14:04:53.501665,s_71716,c_3735
1_451,2021-12-17 12:10:26.627527,s_135718,c_5066
1_493,2021-03-20 23:55:07.844750,s_9199,c_5787
0_1471,2023-02-06 14:03:27.591562,s_337747,c_7398
0_1529,2022-01-03 17:49:32.455271,s_144467,c_889
0_2100,2021-07-15 23:53:55.899535,s_62828,c_1442
0_2074,2021-11-25 21:18:08.764733,s_125020,c_2918
0_1558,2023-01-08 15:48:12.835853,s_323895,c_5246
0_1470,2022-03-08 13:07:49.879060,s_176216,c_1609
1_308,2021-03-16 11:47:01.700148,s_7104,c_2399
0_1818,2021-10-02 23:45:36.520035,s_99135,c_934
0_1481,2021-10-24 01:31:46.589590,s_109217,c_3054
1_630,2021-09-27 17:41:56.946881,s_96446,c_1987
0_1434,2021-06-16 14:44:58.167303,s_49490,c_327
0_968,2022-06-05 12:56:50.468048,s_219158,c_5176
0_1008,2021-12-30 11:03:10.702136,s_142318,c_5062
0_1616,2021-03-22 00:42:48.111336,s_9689,c_3454
0_1412,2021-05-09 19:35:59.288125,s_32254,c_3863
0_1311,2021-11-07 06:23:11.130624,s_115936,c_5017
1_576,2022-05-22 10:12:41.588042,s_212296,c_1118
0_1638,2021-04-22 07:20:03.896526,s_24036,c_3676
0_1451,2021-04-19 06:11:43.558688,s_22630,c_4349
0_1099,2021-12-25 05:53:26.811265,s_139643,c_794
1_374,2022-09-15 08:31:01.603102,s_268323,c_8609
0_2191,2022-09-26 12:57:00.327484,s_273818,c_2198
0_1353,2022-04-22 04:40:57.084965,s_197602,c_6284
0_806,2022-08-01 08:46:44.308994,s_246775,c_1696
1_596,2022-11-17 13:11:09.493898,s_298828,c_3454
0_2078,2022-09-13 00:27:18.353573,s_267171,c_4962
0_1507,2021-05-31 11:36:19.211456,s_42087,c_2972
0_1487,2022-06-24 23:58:47.237176,s_228763,c_7252
0_1457,2022-03-16 06:15:44.357800,s_179816,c_5175
0_1441,2021-09-13 00:08:58.470473,s_89035,c_7653
0_1999,2021-03-10 00:42:27.501781,s_4148,c_3092
1_348,2023-02-21 05:15:46.772599,s_344688,c_6092
0_2093,2022-12-21 11:42:32.415419,s_315301,c_3945
0_1481,2022-02-14 10:04:54.426132,s_164992,c_1175
1_461,2022-04-29 21:15:16.053342,s_201261,c_8518
0_1561,2022-12-04 22:57:35.808561,s_307165,c_7147
1_425,2022-03-30 21:02:18.154201,s_186966,c_8056
0_1811,2021-06-03 18:41:58.067896,s_43614,c_5772
0_1417,2021-12-22 05:27:32.981849,s_138063,c_5898
2_26,2023-02-14 09:46:33.607065,s_341443,c_283
0_1354,2022-06-19 18:58:06.982126,s_226200,c_3584
1_726,2021-03-03 18:43:41.544648,s_1284,c_3735
1_296,2021-03-20 18:57:39.246197,s_9095,c_2209
0_1483,2022-08-26 10:51:20.406207,s_258693,c_2703
0_1066,2022-02-06 07:00:47.948071,s_160737,c_5534
0_1385,2021-12-27 02:31:42.578766,s_140612,c_998
1_710,2022-02-27 12:50:51.797257,s_171666,c_7298
0_1348,2022-08-27 03:52:07.079812,s_259076,c_2675
0_1516,2022-10-03 13:59:41.729456,s_277221,c_6584
0_1420,2021-07-23 13:58:00.196713,s_66117,c_4151
0_1136,2021-12-22 22:09:34.440715,s_138433,c_6781
1_550,2022-03-16 17:44:24.073754,s_180028,c_2308
1_262,2021-07-09 00:35:51.914750,s_59769,c_5043
0_1380,2022-10-22 18:52:41.492898,s_286455,c_5685
0_1250,2021-04-19 05:17:52.451295,s_22611,c_3724
1_414,2021-08-28 05:52:50.035792,s_81698,c_3055
1_412,2022-01-13 20:47:03.018152,s_149383,c_812
1_498,2022-08-30 10:21:26.044719,s_260707,c_6105
0_1417,2022-09-25 18:47:13.507965,s_273442,c_5867
1_707,2022-09-08 06:15:32.086740,s_264969,c_1264
1_406,2021-03-08 08:09:56.557470,s_3391,c_2464
1_615,2022-10-12 09:07:17.484778,s_281348,c_2060
0_2099,2022-05-03 04:02:49.387652,s_202859,c_6343
0_1471,2023-01-26 23:33:23.270141,s_332892,c_8511
0_1020,2023-01-22 23:48:55.382735,s_330845,c_2375
1_462,2022-06-25 13:38:47.225803,s_229074,c_1785
0_2128,2022-10-29 06:59:38.182579,s_289602,c_3253
1_414,2021-03-13 09:59:08.756934,s_5686,c_5933
0_2259,2021-08-10 19:50:49.708634,s_74008,c_7749
1_533,2023-02-16 11:05:17.472493,s_342406,c_7252
0_1704,2021-10-16 10:33:47.158308,s_105572,c_2227
1_303,2022-02-04 08:43:23.952928,s_159777,c_534
0_1616,2021-03-17 01:00:20.644370,s_7353,c_8472
1_105,2022-06-09 17:42:43.735150,s_221242,c_4379
1_337,2022-02-12 08:50:05.363963,s_163907,c_6849
2_37,2022-08-19 20:58:06.258677,s_255657,c_6408
0_1096,2022-05-14 03:41:04.297719,s_208179,c_8556
0_1625,2022-06-19 22:27:36.452886,s_226289,c_5301
0_1425,2022-12-23 08:53:32.850250,s_316153,c_2298
0_1613,2021-03-23 04:35:01.736871,s_10202,c_5477
1_370,2021-09-15 07:02:21.154044,s_90176,c_4457
1_412,2021-11-19 20:54:11.464987,s_122150,c_1261
1_374,2021-06-16 15:29:11.149743,s_49517,c_8572
1_432,2021-03-31 00:43:12.256424,s_13759,c_5720
0_1465,2021-05-30 14:41:56.470522,s_41696,c_8128
0_1431,2021-11-12 22:50:39.253594,s_118719,c_2795
0_1396,2023-02-27 20:57:18.287775,s_347881,c_7383
0_2136,2023-02-19 02:03:38.015560,s_343663,c_5790
0_1934,2022-12-02 14:13:09.340801,s_306076,c_2265
0_1449,2021-12-06 02:36:57.617809,s_130061,c_5819
0_1395,2022-05-22 17:10:20.979647,s_212439,c_6714
0_2194,2022-02-16 11:10:58.079081,s_166047,c_7993
1_720,2022-02-26 21:37:46.530552,s_171353,c_215
0_1567,2021-07-19 13:59:04.787920,s_64425,c_8353
0_2006,2021-10-15 18:26:23.299572,s_105245,c_7033
1_388,2022-11-26 23:45:22.101039,s_303313,c_2327
1_616,2023-01-30 12:39:15.746359,s_334514,c_3346
0_1488,2021-10-19 08:36:29.360200,s_106999,c_5598
1_251,2021-12-08 15:17:23.284682,s_131333,c_4068
1_445,2022-03-16 10:45:40.898978,s_179905,c_606
0_1448,2021-09-26 12:45:35.370946,s_95813,c_2288
0_1190,2021-08-26 14:48:48.211262,s_80966,c_7304
1_533,2023-01-02 13:20:56.627559,s_320907,c_4080
1_661,2022-06-03 20:35:43.781880,s_218353,c_634
0_1568,2022-09-24 01:40:36.320310,s_272661,c_1422
0_1636,2021-05-02 21:47:58.761839,s_29012,c_3030
0_1448,2021-09-23 12:24:41.181082,s_94250,c_7564
0_1398,2022-09-13 16:04:21.282799,s_267512,c_6646
0_2261,2021-06-29 08:51:44.395392,s_55437,c_3454
1_173,2021-12-27 15:17:25.262898,s_140886,c_8402
1_432,2022-11-20 13:47:37.230075,s_300246,c_6160
1_504,2023-01-09 06:46:07.052424,s_324241,c_1609
2_32,2022-08-11 06:07:46.958605,s_251569,c_7029
0_1593,2021-12-10 12:06:25.744454,s_132279,c_7405
1_435,2023-02-02 17:47:13.679976,s_335983,c_4756
0_1639,2021-10-17 18:44:43.565637,s_106233,c_2963
0_2080,2021-09-10 15:20:58.970960,s_87826,c_75
2_7,2023-02-08 14:28:07.957136,s_338710,c_2469
1_362,2022-04-20 01:18:44.792724,s_196605,c_1390
0_1488,2022-02-13 11:23:40.751633,s_164493,c_3495
0_1481,2021-04-03 05:07:31.630502,s_15259,c_682
0_485,2021-11-06 04:22:15.924255,s_115399,c_7052
1_426,2022-09-16 11:35:56.793404,s_268921,c_1458
0_1090,2022-09-18 09:13:35.557484,s_269827,c_7897
0_1197,2022-01-13 23:44:16.766079,s_149447,c_123
0_1403,2022-04-12 11:09:35.233649,s_192930,c_4760
1_651,2022-03-11 10:01:50.889092,s_177567,c_2288
0_1130,2022-05-18 18:21:13.902597,s_210567,c_8136
0_1442,2022-02-02 04:48:58.190836,s_158646,c_2379
0_1255,2021-12-11 03:24:16.751624,s_132579,c_7319
0_1434,2022-04-24 18:58:49.737751,s_198896,c_4777
0_1224,2021-04-16 12:59:42.864387,s_21379,c_1236
1_698,2022-08-21 16:13:52.438952,s_256489,c_7863
1_615,2021-03-16 04:17:27.379593,s_6948,c_1609
0_1627,2022-05-05 12:14:17.695611,s_204013,c_1621
1_312,2022-05-26 13:29:17.151174,s_214301,c_2285
1_249,2022-07-23 14:38:19.694071,s_242581,c_3287
2_32,2021-06-23 07:46:33.439090,s_52578,c_4958
0_2064,2021-10-24 12:29:23.747525,s_109434,c_1930
0_131,2022-06-19 01:00:44.133011,s_225853,c_4281
0_1044,2022-09-30 01:13:32.389148,s_275476,c_179
2_140,2022-01-26 09:59:35.419404,s_155414,c_3123
0_1153,2022-02-21 23:58:00.957256,s_168874,c_435
1_201,2022-09-05 02:00:54.353465,s_263394,c_7952
0_1422,2022-08-01 08:29:42.225967,s_246770,c_1611
1_431,2023-02-25 22:33:16.220916,s_346882,c_6624
0_1632,2021-05-30 02:43:50.247986,s_41467,c_475
0_1438,2022-06-05 17:15:36.987090,s_219250,c_6714
1_661,2022-07-17 18:01:29.914637,s_239751,c_4987
0_2122,2022-02-25 03:20:34.653410,s_170483,c_6714
0_1186,2022-04-27 14:35:06.129937,s_200213,c_363
1_431,2022-08-01 15:43:28.011829,s_246911,c_1243
2_165,2022-06-08 21:06:15.798724,s_220839,c_6439
1_61,2022-10-27 07:47:15.770974,s_288650,c_2605
1_259,2022-01-09 19:18:19.836390,s_147407,c_7216
0_1532,2021-09-22 03:04:17.141626,s_93525,c_45
2_101,2022-10-17 02:51:24.803925,s_283593,c_1358
0_1446,2022-03-01 00:34:08.032304,s_172445,c_6850
0_1578,2022-03-20 22:03:05.703395,s_182014,c_5632
0_2078,2022-12-07 20:40:14.208844,s_308580,c_3977
1_397,2022-01-01 10:13:00.742915,s_143320,c_4083
1_285,2022-06-25 17:16:46.135529,s_229163,c_3408
0_1513,2021-06-28 22:36:47.500702,s_55215,c_6064
2_215,2021-08-27 00:30:06.489312,s_81128,c_3546
0_1441,2022-01-08 00:58:40.651339,s_146574,c_816
1_414,2021-03-06 19:16:06.379562,s_2693,c_1095
0_1551,2022-10-08 23:05:01.152137,s_279733,c_5458
1_287,2021-12-11 17:13:35.473068,s_132882,c_2010
1_520,2022-09-16 21:55:24.310761,s_269122,c_639
1_278,2022-02-07 00:57:20.689666,s_161131,c_2255
1_616,2021-09-03 04:23:49.438358,s_84341,c_5404
1_277,2022-02-01 17:07:08.321602,s_158422,c_3942
0_1340,2022-01-13 00:45:15.677724,s_148980,c_7147
0_1646,2023-01-28 09:52:38.603749,s_333571,c_6890
0_1475,2021-10-28 14:08:16.668025,s_111356,c_6538
0_1583,2022-10-16 21:49:20.654284,s_283475,c_5656
0_1569,2021-06-03 18:38:37.500098,s_43615,c_7118
1_647,2022-10-20 03:43:11.199510,s_285148,c_6160
1_634,2021-09-23 16:43:29.239385,s_94342,c_4454
0_1229,2021-04-08 02:09:36.837326,s_17510,c_4826
1_444,2022-01-04 09:32:37.391330,s_144784,c_1824
1_414,2021-11-28 01:42:54.486805,s_126110,c_443
1_311,2022-05-03 01:52:27.219703,s_202825,c_550
0_1410,2022-05-10 21:12:18.545701,s_206607,c_1077
2_113,2023-02-20 02:09:12.538309,s_344143,c_8199
1_267,2022-06-11 11:08:31.749542,s_222133,c_4645
1_426,2022-08-28 11:23:03.430334,s_259714,c_7871
1_381,2022-03-18 19:21:07.426590,s_181030,c_1893
2_104,2022-12-17 23:03:28.286277,s_313647,c_1169
1_459,2022-11-16 09:19:02.323296,s_298301,c_4484
0_2019,2022-07-11 06:56:32.946734,s_236763,c_5385
0_1367,2021-09-20 12:20:25.656585,s_92730,c_1734
0_1481,2022-10-09 07:31:50.520923,s_279907,c_5405
0_1401,2022-12-25 21:53:33.747268,s_317327,c_2332
0_1440,2022-12-14 01:11:52.357372,s_311659,c_1609
0_1226,2022-04-15 16:12:09.288518,s_194489,c_6196
1_725,2022-11-03 11:02:48.777198,s_292075,c_5550
0_1380,2021-08-22 04:35:38.092685,s_79024,c_3085
0_1471,2021-08-24 10:54:18.989045,s_80000,c_1609
1_403,2022-04-11 19:31:09.248815,s_192612,c_7192
2_155,2022-10-10 09:16:08.902211,s_280377,c_652
0_1586,2021-08-18 11:41:24.833967,s_77406,c_6716
0_1547,2021-09-29 02:46:54.355862,s_97173,c_1091
0_1559,2021-06-27 23:01:33.651315,s_54754,c_1876
1_724,2022-11-19 21:28:21.022638,s_299952,c_2962
2_161,2022-07-10 20:28:00.558959,s_236543,c_4916
1_433,2021-09-30 15:00:58.122838,s_97977,c_1783
0_2083,2022-01-16 15:40:47.301683,s_150699,c_4783
0_1494,2021-04-09 00:42:13.785790,s_17947,c_1609
0_1447,2022-06-08 19:24:33.325147,s_220799,c_2242
0_444,2021-07-04 07:54:30.007466,s_57649,c_3378
0_1039,2022-03-01 01:33:38.592236,s_172475,c_7790
0_1412,2022-06-19 23:52:20.694845,s_226304,c_6670
0_1469,2021-04-01 19:04:01.176989,s_14591,c_6642
1_267,2021-06-14 22:31:02.203084,s_48750,c_5385
0_1578,2023-02-02 12:03:22.553533,s_335888,c_8426
0_1304,2022-09-07 07:30:23.474205,s_264501,c_1365
0_1143,2021-05-03 22:34:04.219794,s_29517,c_1140
0_1018,2021-09-21 21:38:16.660441,s_93420,c_7587
1_565,2022-09-15 16:53:00.227115,s_268507,c_1457
0_1368,2022-05-13 14:15:37.340161,s_207902,c_2722
0_2019,2022-10-17 06:41:13.748936,s_283673,c_3101
0_426,2021-10-11 10:08:23.113441,s_103184,c_5465
1_360,2022-10-13 01:00:45.064737,s_281658,c_3263
0_1569,2022-01-17 12:41:28.892209,s_151138,c_8023
2_191,2021-11-13 12:30:20.199314,s_119027,c_6719
1_403,2022-04-06 13:58:02.626594,s_190078,c_1724
0_1635,2022-07-17 01:51:24.181664,s_239449,c_1609
0_1453,2021-05-14 04:38:16.623985,s_34258,c_1221
0_1172,2022-05-28 05:41:14.717774,s_215139,c_6171
1_413,2022-07-10 21:20:29.614213,s_236559,c_4582
1_647,2022-10-28 12:16:17.802144,s_289242,c_2077
1_688,2023-02-11 11:32:47.050428,s_340019,c_3563
2_140,2021-05-30 14:13:30.078181,s_41673,c_5934
0_1386,2022-08-06 21:14:51.092980,s_249408,c_1966
1_109,2022-05-20 04:14:59.378963,s_211257,c_6311
0_1021,2022-09-25 17:35:25.956008,s_273412,c_4857
1_396,2021-09-24 09:46:10.568978,s_94703,c_6159
0_1430,2022-06-26 11:05:16.340604,s_229533,c_3876
1_612,2021-05-11 16:28:05.596489,s_33100,c_3716
0_2141,2021-06-24 19:05:16.375207,s_53253,c_1445
0_1052,2021-03-08 01:53:56.869202,s_3260,c_4379
0_1691,2021-04-11 22:56:39.896386,s_19293,c_1115
1_598,2021-08-15 21:00:34.229908,s_76212,c_3454
2_165,2022-06-19 10:48:53.122061,s_226067,c_2843
2_12,2022-12-16 20:31:46.769597,s_313068,c_5474
0_1405,2022-10-26 08:50:06.850098,s_288239,c_7832
0_1384,2021-11-17 19:22:20.293235,s_121123,c_6340
0_1563,2022-03-04 10:02:37.762210,s_174147,c_6664
1_347,2023-02-16 01:01:19.224981,s_342204,c_7880
1_506,2022-09-02 00:50:08.635279,s_261951,c_4285
1_478,2022-12-04 08:29:40.244088,s_306878,c_7129
1_385,2021-04-18 00:59:24.468031,s_22070,c_7020
0_1449,2023-02-06 18:46:33.428108,s_337833,c_3766
0_1435,2023-02-14 09:18:50.452911,s_341428,c_5125
0_1404,2021-10-13 19:33:16.725987,s_104318,c_8512
0_1631,2021-12-18 08:38:24.902150,s_136157,c_1367
0_1335,2022-08-07 05:30:16.913774,s_249592,c_1001
0_1296,2021-04-19 17:23:00.084444,s_22837,c_2811
0_1358,2021-10-31 07:39:54.155192,s_112630,c_5545
0_1501,2022-02-25 12:29:43.403269,s_170665,c_1609
0_1584,2021-04-12 07:54:12.934712,s_19465,c_3037
0_1378,2022-12-09 05:34:26.067130,s_309309,c_1252
0_1637,2022-06-20 01:16:57.142917,s_226363,c_7445
0_1273,2021-03-19 17:07:53.250467,s_8589,c_6999
0_1431,2021-04-05 22:47:36.189568,s_16533,c_4513
1_589,2022-02-09 23:21:12.137316,s_162655,c_4137
0_1407,2021-05-02 01:47:37.026145,s_28653,c_4307
0_1702,2021-08-05 23:53:58.161953,s_71894,c_3454
0_1008,2022-05-23 22:22:25.645442,s_213059,c_5143
1_666,2022-05-30 05:08:40.707800,s_216201,c_1531
1_685,2022-10-08 10:16:14.951592,s_279480,c_3240
1_265,2022-08-07 22:43:45.512039,s_249948,c_6994
2_134,2022-03-08 04:59:14.040295,s_176050,c_7577
1_337,2023-02-22 10:26:37.054519,s_345268,c_1823
0_1471,2022-05-18 10:04:11.107425,s_210403,c_6152
0_2031,2021-12-17 17:28:20.097826,s_135844,c_1609
2_159,2023-02-01 05:37:04.566858,s_335274,c_8070
0_1485,2022-12-22 21:19:52.140089,s_315935,c_8405
1_366,2022-10-23 13:11:46.942021,s_286871,c_633
0_1027,2022-07-01 15:33:42.107542,s_232004,c_3219
0_1937,2021-04-02 11:12:05.378434,s_14916,c_7552
0_1482,2022-08-04 14:57:03.885296,s_248302,c_4182
0_1425,2021-03-13 01:59:42.445704,s_5555,c_5449
0_1073,2022-07-29 22:47:59.153574,s_245616,c_4562
0_1339,2021-10-24 17:12:26.672070,s_109521,c_5960
0_435,2023-01-14 11:05:49.017395,s_326722,c_2077
0_1502,2021-07-07 00:05:17.391288,s_58847,c_6389
0_1243,2022-02-22 13:13:22.679623,s_169143,c_1876
0_1623,2023-02-08 23:06:52.296033,s_338850,c_7208
1_288,2021-07-04 19:46:10.410672,s_57883,c_5577
0_1384,2022-08-06 07:10:00.086701,s_249138,c_1570
0_1342,2022-08-10 11:03:04.400988,s_251172,c_8574
1_413,2023-01-14 15:08:13.440893,s_326811,c_4904
0_1330,2021-09-09 02:19:53.498347,s_87092,c_274
0_1368,2022-05-14 13:35:09.680086,s_208387,c_3714
0_2261,2022-05-07 18:51:09.808272,s_205080,c_2241
0_1418,2021-05-30 14:12:25.753972,s_41688,c_6443
1_81,2022-09-15 03:35:52.779296,s_268234,c_7101
2_41,2021-07-24 04:15:48.410262,s_66392,c_6023
0_1282,2023-02-02 22:36:37.284822,s_336079,c_4825
0_1385,2021-05-12 17:52:15.092425,s_33593,c_1609
1_517,2022-05-06 22:57:07.290329,s_204661,c_6646
0_596,2022-05-23 10:51:54.545960,s_212793,c_3044
1_426,2022-09-11 06:34:25.833099,s_266379,c_611
0_1409,2021-10-30 13:59:16.499898,s_112300,c_6714
0_1532,2021-04-14 18:47:05.693831,s_20572,c_4637
1_230,2022-05-15 17:06:03.677208,s_208955,c_5317
0_1416,2022-04-04 21:43:42.527955,s_189299,c_4719
0_1411,2021-10-24 07:17:02.486236,s_109337,c_5655
0_1101,2022-12-18 14:48:41.366790,s_313985,c_1367
0_1278,2022-12-05 10:26:13.593592,s_307404,c_510
0_1030,2022-12-09 21:15:35.644995,s_309658,c_5257
1_286,2021-10-30 18:37:53.236436,s_112375,c_8613
0_1450,2022-06-12 04:42:56.290102,s_222497,c_6144
1_516,2022-04-29 11:57:26.584100,s_201080,c_7340
1_295,2021-10-30 08:10:17.003535,s_112190,c_5543
1_383,2022-08-23 17:01:20.493710,s_257406,c_4069
1_328,2022-07-09 17:19:18.640380,s_235973,c_4285
0_1091,2022-01-21 09:42:19.321551,s_153015,c_3153
2_162,2022-05-08 02:55:06.768030,s_205264,c_8614
0_1458,2021-11-17 12:59:16.752903,s_120977,c_7417
1_683,2022-08-17 22:54:17.055140,s_254748,c_4587
0_999,2022-06-02 03:13:40.896334,s_217525,c_7653
2_96,2022-07-02 02:28:30.089489,s_232250,c_455
0_1442,2021-12-21 19:39:09.116803,s_137868,c_5454
1_264,2021-09-26 04:24:40.317069,s_95655,c_5964
0_1646,2021-08-03 12:04:37.568090,s_70832,c_7258
1_367,2021-03-03 22:31:05.039098,s_1349,c_4793
2_32,2021-03-06 07:31:58.683559,s_2467,c_6487
0_1465,2021-04-01 18:17:23.296931,s_14572,c_797
0_1573,2022-11-16 09:18:53.471037,s_298308,c_1703
1_442,2022-02-25 16:44:31.759815,s_170763,c_7039
1_434,2021-11-09 09:38:24.901724,s_116999,c_1880
1_365,2023-01-17 06:46:23.525087,s_328105,c_6597
0_1461,2021-06-26 01:39:24.735419,s_53846,c_5502
0_1613,2022-11-11 19:20:50.517791,s_296096,c_3366
0_1257,2021-05-22 22:35:26.050418,s_38153,c_2679
0_1414,2023-02-27 23:11:33.128727,s_347943,c_1739
0_1376,2021-08-04 11:16:19.697286,s_71251,c_7349
0_1493,2021-04-27 16:41:47.277220,s_26586,c_4101
1_651,2021-08-02 22:21:28.916237,s_70575,c_3619
1_253,2022-03-20 22:12:53.702931,s_182017,c_4120
0_1350,2022-01-09 17:54:34.056897,s_147390,c_7489
0_1514,2023-02-24 07:01:40.840464,s_346136,c_771
0_1353,2022-04-19 17:27:19.699862,s_196436,c_8501
1_364,2022-04-03 13:36:40.039340,s_188689,c_3655
0_2179,2022-11-29 19:34:08.817994,s_304681,c_2676
0_1530,2021-07-29 09:51:50.664785,s_68606,c_3397
2_135,2022-10-11 15:35:30.453764,s_280991,c_7260
0_1755,2022-08-07 11:51:09.693466,s_249724,c_1897
0_1115,2022-09-06 22:38:51.832822,s_264324,c_2382
1_414,2022-07-23 08:14:48.609688,s_242453,c_7081
0_997,2022-09-23 12:10:46.287214,s_272369,c_5977
0_524,2021-08-30 16:03:06.818527,s_82739,c_3151
0_1236,2022-05-18 20:40:03.314965,s_210600,c_6010
0_1541,2022-06-20 08:31:35.435240,s_226507,c_7217
0_1430,2022-10-03 07:42:05.416609,s_277087,c_4623
1_166,2023-01-03 03:37:53.298248,s_321190,c_3102
0_1358,2022-05-11 08:07:10.796171,s_206849,c_5864
0_1340,2022-01-22 13:51:58.927653,s_153549,c_1609
1_343,2022-07-10 06:46:24.670086,s_236252,c_7520
0_0,2022-03-12 10:50:33.384680,s_178042,c_6714
1_374,2021-05-02 01:05:12.270758,s_28639,c_4708
0_1580,2022-08-05 07:57:52.403917,s_248669,c_1609
1_446,2022-09-22 21:11:33.872693,s_272035,c_8572
0_2258,2022-11-12 03:22:25.486994,s_296241,c_5535
0_1538,2022-04-26 09:49:16.644634,s_199676,c_3646
0_1065,2021-08-03 10:12:54.666651,s_70805,c_3474
0_1210,2021-08-21 02:42:39.552374,s_78559,c_6506
0_1596,2023-02-28 02:51:05.574298,s_348028,c_6151
0_144,2021-09-03 05:27:02.112807,s_84361,c_8269
1_413,2022-02-04 12:51:01.612738,s_159850,c_6714
0_1784,2022-09-07 23:44:37.596239,s_264830,c_6936
0_1347,2021-11-06 17:40:21.420059,s_115676,c_5984
0_1409,2022-09-09 12:53:22.016373,s_265531,c_3536
0_1637,2021-08-24 16:41:07.471343,s_80110,c_7938
1_730,2021-06-25 12:33:12.174661,s_53579,c_6344
0_1473,2021-05-22 15:38:30.196818,s_38022,c_1609
1_383,2022-05-10 18:52:04.292254,s_206550,c_3094
1_388,2022-01-30 17:29:07.786908,s_157510,c_5741
0_1316,2022-12-15 23:48:09.260347,s_312651,c_267
0_1622,2021-06-23 15:06:02.099586,s_52709,c_6328
0_2216,2021-04-26 14:32:25.334190,s_26083,c_6714
0_1437,2021-12-17 15:53:52.859043,s_135797,c_1396
1_457,2022-10-28 19:11:11.332019,s_289375,c_6058
0_1637,2022-08-20 19:09:08.509077,s_256059,c_5045
2_163,2022-09-27 05:50:31.360560,s_274169,c_4669
1_544,2022-12-29 10:09:56.314793,s_318983,c_4993
1_425,2022-02-03 21:43:26.695055,s_159558,c_6217
1_223,2022-04-17 20:00:32.222097,s_195487,c_1559
0_1458,2022-07-24 07:57:13.497088,s_242945,c_5636
0_2223,2022-05-30 12:10:03.562839,s_216336,c_3072
0_1939,2021-04-15 23:23:26.675841,s_21120,c_5718
0_2156,2022-04-25 13:49:31.168713,s_199275,c_8277
0_996,2021-08-16 15:51:22.469127,s_76590,c_256
0_1426,2021-04-08 05:00:30.024933,s_17568,c_421
0_1545,2023-02-26 22:38:36.215665,s_347386,c_3751
1_692,2022-10-11 22:57:17.751463,s_281145,c_6561
0_2256,2021-03-22 05:13:41.968096,s_9769,c_7041
0_2118,2021-08-16 23:36:51.584629,s_76736,c_3878
0_1328,2022-12-17 20:20:13.263700,s_313584,c_2556
0_1890,2022-11-01 23:43:30.866938,s_291376,c_2312
0_1418,2021-05-09 14:26:35.466484,s_32157,c_580
0_1536,2021-10-11 10:44:33.425140,s_103204,c_5718
0_1403,2022-08-07 11:08:33.032777,s_249694,c_3939
0_1350,2022-12-18 17:10:18.173723,s_314019,c_2156
1_498,2021-11-22 18:54:15.518810,s_123491,c_6289
0_1268,2022-02-08 23:28:43.008001,s_162163,c_6847
0_1049,2021-08-21 15:14:04.226357,s_78785,c_1609
1_436,2021-05-25 19:21:08.068982,s_39444,c_3830
0_1634,2021-09-15 05:00:00.903210,s_90125,c_5124
0_2001,2022-09-01 05:36:58.136364,s_261555,c_4102
0_1385,2023-01-12 00:47:19.859353,s_325572,c_8400
0_1419,2021-12-02 09:47:26.799757,s_128228,c_7366
0_461,2021-08-08 09:21:32.732379,s_72930,c_8390
0_1508,2022-02-15 19:15:29.915527,s_165669,c_6015
0_1485,2023-02-17 07:45:03.382174,s_342770,c_2696
0_1446,2023-02-16 09:03:39.944808,s_342347,c_990
0_1449,2022-01-02 17:00:51.538867,s_143940,c_6160
1_426,2022-03-14 13:55:04.144577,s_179016,c_3270
1_311,2021-12-07 16:48:15.154558,s_130854,c_4314
1_282,2021-06-25 01:41:23.932599,s_53377,c_6325
1_407,2021-12-19 18:03:59.245713,s_136850,c_1551
0_1111,2021-03-02 04:25:51.511026,s_565,c_1609
2_164,2021-11-24 15:58:11.615616,s_124444,c_5084
2_37,2022-04-28 01:01:41.916927,s_200401,c_8590